method,n_simul,t_max,n_grid,time,lag,error_fro,rel_error_fro,error_nuc,rel_error_nuc,error_sup,rel_error_sup
space,100,800,101,0.880305190086365,0,0.0119004140727742,0.0193976431776958,0.0213852829255209,0.0167786556657858,0.0266750836746138,0.0185900422011445
space,100,800,201,2.41698593616486,0,0.0121995096762728,0.0198364731350517,0.0201914521176229,0.0158146594139853,0.025072490524118,0.0174615316411782
space,100,800,501,8.48329178094864,0,0.0116217347105137,0.0188680734401077,0.0184166565641017,0.0144084361179717,0.0236696291512433,0.0164771516764751
space,100,800,1001,28.8083327960968,0,0.0124117037417302,0.020140101091477,0.0210313136202752,0.0164476634777009,0.0274314371949034,0.0190928522498483
space,100,800,101,0.899636559486389,0,0.0119004140727742,0.0193976431776958,0.0213852829255209,0.0167786556657858,0.0266750836746138,0.0185900422011445
space,100,800,201,2.44026220798492,0,0.0121995096762728,0.0198364731350517,0.0201914521176229,0.0158146594139853,0.025072490524118,0.0174615316411782
space,100,800,501,8.63264659404754,0,0.0116217347105137,0.0188680734401077,0.0184166565641017,0.0144084361179717,0.0236696291512433,0.0164771516764751
space,100,800,1001,28.9763212966919,0,0.0124117037417302,0.020140101091477,0.0210313136202752,0.0164476634777009,0.0274314371949034,0.0190928522498483
